{"cameraMode":{"drawMode":0,"name":"Shaded","section":"Shading Mode"},"sceneLighting":false,"audioPlay":false,"sceneViewState":{"m_AlwaysRefresh":true,"showFog":true,"showSkybox":false,"showFlares":true,"showImageEffects":true,"showParticleSystems":true,"showVisualEffectGraphs":true,"m_FxEnabled":true},"in2DMode":false,"pivot":{"x":36.62956237792969,"y":35.7725944519043,"z":-115.80668640136719},"rotation":{"x":0.002332840347662568,"y":-0.9940662384033203,"z":0.021771442145109178,"w":0.10656844079494477},"size":1.9121394157409669,"orthographic":false}