{"cameraMode":{"drawMode":0,"name":"Shaded","section":"Shading Mode"},"sceneLighting":false,"audioPlay":false,"sceneViewState":{"m_AlwaysRefresh":true,"showFog":true,"showSkybox":false,"showFlares":true,"showImageEffects":true,"showParticleSystems":true,"showVisualEffectGraphs":true,"m_FxEnabled":true},"in2DMode":false,"pivot":{"x":80.9000015258789,"y":36.74599838256836,"z":-136.99000549316407},"rotation":{"x":-0.0003383606090210378,"y":-0.9231866002082825,"z":0.0008319617481902242,"w":-0.38436949253082278},"size":8.707871437072754,"orthographic":false}