{"cameraMode":{"drawMode":0,"name":"Shaded","section":"Shading Mode"},"sceneLighting":false,"audioPlay":false,"sceneViewState":{"m_AlwaysRefresh":true,"showFog":true,"showSkybox":false,"showFlares":true,"showImageEffects":true,"showParticleSystems":true,"showVisualEffectGraphs":true,"m_FxEnabled":true},"in2DMode":false,"pivot":{"x":0.5635232925415039,"y":3.84407377243042,"z":4.998069763183594},"rotation":{"x":0.23469513654708863,"y":0.38621091842651369,"z":-0.10228490084409714,"w":0.8861702084541321},"size":10.451642036437989,"orthographic":true}