{"cameraMode":{"drawMode":0,"name":"Shaded","section":"Shading Mode"},"sceneLighting":false,"audioPlay":false,"sceneViewState":{"m_AlwaysRefresh":true,"showFog":true,"showSkybox":false,"showFlares":true,"showImageEffects":true,"showParticleSystems":true,"showVisualEffectGraphs":true,"m_FxEnabled":true},"in2DMode":false,"pivot":{"x":1.8282814025878907,"y":6.920289039611816,"z":0.9602022171020508},"rotation":{"x":0.014397540129721165,"y":-0.0029996917583048345,"z":0.000043182404624531046,"w":0.9998915791511536},"size":14.267441749572754,"orthographic":true}