{"cameraMode":{"drawMode":0,"name":"Shaded","section":"Shading Mode"},"sceneLighting":true,"audioPlay":false,"sceneViewState":{"m_AlwaysRefresh":false,"showFog":true,"showSkybox":true,"showFlares":true,"showImageEffects":true,"showParticleSystems":true,"showVisualEffectGraphs":true,"m_FxEnabled":true},"in2DMode":false,"pivot":{"x":6.697118759155273,"y":33.856285095214847,"z":366.1548156738281},"rotation":{"x":0.038800470530986789,"y":0.23168587684631349,"z":-0.009248691610991955,"w":0.9719727039337158},"size":7.367764472961426,"orthographic":false}