{"cameraMode":{"drawMode":0,"name":"Shaded","section":"Shading Mode"},"sceneLighting":true,"audioPlay":false,"sceneViewState":{"m_AlwaysRefresh":true,"showFog":true,"showSkybox":true,"showFlares":true,"showImageEffects":true,"showParticleSystems":true,"showVisualEffectGraphs":true,"m_FxEnabled":true},"in2DMode":false,"pivot":{"x":-22.859851837158204,"y":31.767728805541993,"z":303.18548583984377},"rotation":{"x":-0.022634357213974,"y":0.6281395554542542,"z":0.018285732716321946,"w":0.7775592803955078},"size":16.953868865966798,"orthographic":false}