{"cameraMode":{"drawMode":0,"name":"Shaded","section":"Shading Mode"},"sceneLighting":true,"audioPlay":false,"sceneViewState":{"m_AlwaysRefresh":false,"showFog":true,"showSkybox":true,"showFlares":true,"showImageEffects":true,"showParticleSystems":true,"showVisualEffectGraphs":true,"m_FxEnabled":true},"in2DMode":false,"pivot":{"x":-53.87412643432617,"y":8.546396255493164,"z":44.99036407470703},"rotation":{"x":-0.0009573785937391222,"y":0.769724428653717,"z":0.0011549369664862753,"w":0.6383892893791199},"size":558.4087524414063,"orthographic":true}