{"cameraMode":{"drawMode":0,"name":"Shaded","section":"Shading Mode"},"sceneLighting":true,"audioPlay":false,"sceneViewState":{"m_AlwaysRefresh":true,"showFog":true,"showSkybox":true,"showFlares":true,"showImageEffects":true,"showParticleSystems":true,"showVisualEffectGraphs":true,"m_FxEnabled":true},"in2DMode":false,"pivot":{"x":-12.902684211730957,"y":33.33736801147461,"z":323.6726989746094},"rotation":{"x":-0.13443242013454438,"y":0.27497488260269167,"z":-0.03886272758245468,"w":-0.9512132406234741},"size":15.372385025024414,"orthographic":false}