{"cameraMode":{"drawMode":0,"name":"Shaded","section":"Shading Mode"},"sceneLighting":true,"audioPlay":false,"sceneViewState":{"m_AlwaysRefresh":true,"showFog":true,"showSkybox":true,"showFlares":true,"showImageEffects":true,"showParticleSystems":true,"showVisualEffectGraphs":true,"m_FxEnabled":true},"in2DMode":false,"pivot":{"x":195.38340759277345,"y":70.05857849121094,"z":77.07212829589844},"rotation":{"x":-0.004393249284476042,"y":0.8405736088752747,"z":0.006808437407016754,"w":0.5416653752326965},"size":230.42054748535157,"orthographic":false}