{"cameraMode":{"drawMode":0,"name":"Shaded","section":"Shading Mode"},"sceneLighting":true,"audioPlay":false,"sceneViewState":{"m_AlwaysRefresh":true,"showFog":true,"showSkybox":true,"showFlares":true,"showImageEffects":true,"showParticleSystems":true,"showVisualEffectGraphs":true,"m_FxEnabled":true},"in2DMode":false,"pivot":{"x":108.87100982666016,"y":52.95637512207031,"z":231.2644805908203},"rotation":{"x":0.02032158337533474,"y":-0.6827417016029358,"z":0.019110530614852907,"w":0.7301956415176392},"size":1.9006870985031129,"orthographic":false}