{"cameraMode":{"drawMode":0,"name":"Shaded","section":"Shading Mode"},"sceneLighting":true,"audioPlay":false,"sceneViewState":{"m_AlwaysRefresh":true,"showFog":true,"showSkybox":true,"showFlares":true,"showImageEffects":true,"showParticleSystems":true,"showVisualEffectGraphs":true,"m_FxEnabled":true},"in2DMode":false,"pivot":{"x":450.52386474609377,"y":-1.6727638244628907,"z":189.32562255859376},"rotation":{"x":-0.08066889643669129,"y":-0.6009642481803894,"z":0.06114737316966057,"w":-0.7928428649902344},"size":24.483346939086915,"orthographic":false}