{"cameraMode":{"drawMode":0,"name":"Shaded","section":"Shading Mode"},"sceneLighting":true,"audioPlay":false,"sceneViewState":{"m_AlwaysRefresh":true,"showFog":true,"showSkybox":true,"showFlares":true,"showImageEffects":true,"showParticleSystems":true,"showVisualEffectGraphs":true,"m_FxEnabled":true},"in2DMode":false,"pivot":{"x":89.52429962158203,"y":116.33036804199219,"z":637.7872314453125},"rotation":{"x":0.5638571977615356,"y":-0.060570284724235538,"z":0.041518278419971469,"w":0.8226011395454407},"size":581.9508056640625,"orthographic":false}